loss,grad_norm,learning_rate,epoch,eval_loss,eval_perplexity,eval_runtime,eval_samples_per_second,eval_steps_per_second,train_runtime,train_samples_per_second,train_steps_per_second,total_flos,train_loss
0.0963,0.5472792983055115,3.336e-05,1.0,,,,,,,,,,
,,,1.0,0.08221565186977386,1.0856898347560677,1011.2926,0.989,0.247,,,,,
0.0763,0.8070834875106812,1.669333333333333e-05,2.0,,,,,,,,,,
,,,2.0,0.07701541483402252,1.0800591838730427,756.9663,1.321,0.33,,,,,
0.0675,1.693795084953308,2.666666666666667e-08,3.0,,,,,,,,,,
,,,3.0,0.07431523501873016,1.0771458888992478,1737.1023,0.576,0.144,,,,,
,,,3.0,,,,,,4470.0058,6.711,1.678,248552167680000.0,0.08003949381510417
,,,3.0,0.0789542943239212,1.0821531268452265,1735.7879,0.576,0.144,,,,,
